Unnamed: 0,character,emphasis,volume,part,chapter,value,paragraph,token,lemma,concept,totalpart
0,Andrei,"И разговор зашел опять о войне, о Бонапарте и нынешних генералах и государственных людях. Старый князь, казалось, был убежден не только в том, что все теперешние деятели были мальчишки, не смыслившие и азбуки военного и государственного дела, и что Бонапарте был ничтожный французишка, имевший успех только потому, что уже не было Потемкиных и Суворовых противопоставить ему; но он был убежден даже, что никаких политических затруднений не было в Европе, не было и войны, а была какая-то кукольная комедия, в которую играли нынешние люди, притворяясь, что делают дело. Князь Андрей весело выдерживал насмешки отца над новыми людьми и с видимою РАДОСТЬЮ вызывал отца на разговор и слушал его.",Том первый,Часть первая,XXIV,24,"И разговор зашел опять о войне, о Бонапарте и нынешних генералах и государственных людях. Старый князь, казалось, был убежден не только в том, что все теперешние деятели были мальчишки, не смыслившие и азбуки военного и государственного дела, и что Бонапарте был ничтожный французишка, имевший успех только потому, что уже не было Потемкиных и Суворовых противопоставить ему; но он был убежден даже, что никаких политических затруднений не было в Европе, не было и войны, а была какая-то кукольная комедия, в которую играли нынешние люди, притворяясь, что делают дело. Князь Андрей весело выдерживал насмешки отца над новыми людьми и с видимою радостью вызывал отца на разговор и слушал его.",радостью,радость,радость,1
2,Andrei,"— Ежели он не в два пуда и шеи не оттянет... Чтобы тебе сделать удовольствие... — сказал князь Андрей, но в ту же секунду, заметив огорченное выражение, которое приняло лицо сестры при этой шутке, он раскаялся. — Очень РАД, право, очень РАД, мой друг, — прибавил он.",Том первый,Часть первая,XXV,25,"— Ежели он не в два пуда и шеи не оттянет... Чтобы тебе сделать удовольствие... — сказал князь Андрей, но в ту же секунду, заметив огорченное выражение, которое приняло лицо сестры при этой шутке, он раскаялся. — Очень рад, право, очень рад, мой друг, — прибавил он.",рад,рад,радость,1
3,Andrei,"Князь Андрей был один из тех редких офицеров в штабе, который полагал свой главный интерес в общем ходе военного дела. Увидав Мака и услыхав подробности его погибели, он понял, что половина кампании проиграна, понял всю трудность положения русских войск и живо вообразил себе то, что ожидает армию, и ту роль, которую он должен будет играть в ней. Невольно он испытывал волнующее РАДОСТНОЕ чувство при мысли о посрамлении самонадеянной Австрии и о том, что через неделю, может быть, придется ему увидеть и принять участие в столкновении русских с французами, впервые после Суворова. Но он боялся гения Бонапарта, который мог оказаться сильнее всей храбрости русских войск, и вместе с тем не мог допустить позора для своего героя.",Том первый,Часть вторая,III,28,"Князь Андрей был один из тех редких офицеров в штабе, который полагал свой главный интерес в общем ходе военного дела. Увидав Мака и услыхав подробности его погибели, он понял, что половина кампании проиграна, понял всю трудность положения русских войск и живо вообразил себе то, что ожидает армию, и ту роль, которую он должен будет играть в ней. Невольно он испытывал волнующее радостное чувство при мысли о посрамлении самонадеянной Австрии и о том, что через неделю, может быть, придется ему увидеть и принять участие в столкновении русских с французами, впервые после Суворова. Но он боялся гения Бонапарта, который мог оказаться сильнее всей храбрости русских войск, и вместе с тем не мог допустить позора для своего героя.",радостное,радостный,радость,2
4,Andrei,"Ночь была темная, звездная; дорога чернелась между белевшим снегом, выпавшим накануне, в день сражения. То перебирая впечатления прошедшего сражения, то РАДОСТНО воображая впечатление, которое он произведет известием о победе, вспоминая проводы главнокомандующего и товарищей, князь Андрей скакал в почтовой бричке, испытывая чувство человека, долго ждавшего, и, наконец, достигшего начала желаемого счастия. Как скоро он закрывал глаза, в ушах его раздавалась пальба ружей и орудий, которая сливалась со стуком колес и впечатлением победы. То ему начинало представляться, что русские бегут, что он сам убит; но он поспешно просыпался, со счастием как будто вновь узнавал, что ничего этого не было и что, напротив, французы бежали. Он снова вспоминал все подробности победы, свое спокойное мужество во время сражения и, успокоившись, задремывал... После темной звездной ночи наступило яркое, веселое утро. Снег таял на солнце, лошади быстро скакали, и безразлично вправе и влеве проходили новые разнообразные леса, поля, деревни.",Том первый,Часть вторая,IX,34,"Ночь была темная, звездная; дорога чернелась между белевшим снегом, выпавшим накануне, в день сражения. То перебирая впечатления прошедшего сражения, то радостно воображая впечатление, которое он произведет известием о победе, вспоминая проводы главнокомандующего и товарищей, князь Андрей скакал в почтовой бричке, испытывая чувство человека, долго ждавшего, и, наконец, достигшего начала желаемого счастия. Как скоро он закрывал глаза, в ушах его раздавалась пальба ружей и орудий, которая сливалась со стуком колес и впечатлением победы. То ему начинало представляться, что русские бегут, что он сам убит; но он поспешно просыпался, со счастием как будто вновь узнавал, что ничего этого не было и что, напротив, французы бежали. Он снова вспоминал все подробности победы, свое спокойное мужество во время сражения и, успокоившись, задремывал... После темной звездной ночи наступило яркое, веселое утро. Снег таял на солнце, лошади быстро скакали, и безразлично вправе и влеве проходили новые разнообразные леса, поля, деревни.",радостно,радостно,радость,2
5,Andrei,"Дежурный флигель-адъютант, встретивший князя Андрея, попросил его подождать и пошел к военному министру. Через пять минут флигель-адъютант вернулся и, особенно учтиво наклонясь и пропуская князя Андрея вперед себя, провел его через коридор в кабинет, где занимался военный министр. Флигель-адъютант своею изысканной учтивостью, казалось, хотел оградить себя от попыток фамильярности русского адъютанта. РАДОСТНОЕ чувство князя Андрея значительно ослабело, когда он подходил к двери кабинета военного министра. Он почувствовал себя оскорбленным, и чувство оскорбления перешло в то же мгновение незаметно для него самого в чувство презрения, ни на чем не основанного. Находчивый же ум в то же мгновение подсказал ему ту точку зрения, с которой он имел право презирать и адъютанта и военного министра. «Им, должно быть, очень легко покажется одерживать победы, не нюхая пороха!» — подумал он. Глаза его презрительно прищурились; он особенно медленно вошел в кабинет военного министра. Чувство это еще более усилилось, когда он увидал военного министра, сидевшего над большим столом и в первые две минуты не обращавшего внимания на вошедшего. Военный министр опустил свою лысую, с седыми висками, голову между двух восковых свечей и читал, отмечая карандашом, бумаги. Он дочитывал, не поднимая головы, в то время как отворилась дверь и послышались шаги.",Том первый,Часть вторая,IX,34,"Дежурный флигель-адъютант, встретивший князя Андрея, попросил его подождать и пошел к военному министру. Через пять минут флигель-адъютант вернулся и, особенно учтиво наклонясь и пропуская князя Андрея вперед себя, провел его через коридор в кабинет, где занимался военный министр. Флигель-адъютант своею изысканной учтивостью, казалось, хотел оградить себя от попыток фамильярности русского адъютанта. Радостное чувство князя Андрея значительно ослабело, когда он подходил к двери кабинета военного министра. Он почувствовал себя оскорбленным, и чувство оскорбления перешло в то же мгновение незаметно для него самого в чувство презрения, ни на чем не основанного. Находчивый же ум в то же мгновение подсказал ему ту точку зрения, с которой он имел право презирать и адъютанта и военного министра. «Им, должно быть, очень легко покажется одерживать победы, не нюхая пороха!» — подумал он. Глаза его презрительно прищурились; он особенно медленно вошел в кабинет военного министра. Чувство это еще более усилилось, когда он увидал военного министра, сидевшего над большим столом и в первые две минуты не обращавшего внимания на вошедшего. Военный министр опустил свою лысую, с седыми висками, голову между двух восковых свечей и читал, отмечая карандашом, бумаги. Он дочитывал, не поднимая головы, в то время как отворилась дверь и послышались шаги.",Радостное,радостный,радость,2
9,Andrei,"Князь Андрей понял, что это было сказано о нем и что говорит это Наполеон. Он слышал, как называли sire 5 того, кто сказал эти слова. Но он слышал эти слова, как бы он слышал жужжание мухи. Он не только не интересовался ими, но он и не заметил, а тотчас же забыл их. Ему жгло голову; он чувствовал, что он исходит кровью, и он видел над собою далекое, высокое и вечное небо. Он знал, что это был Наполеон — его герой, но в эту минуту Наполеон казался ему столь маленьким, ничтожным человеком в сравнении с тем, что происходило теперь между его душой и этим высоким, бесконечным небом с бегущими по нем облаками. Ему было совершенно все равно в эту минуту, кто бы ни стоял над ним, что бы ни говорил о нем; он РАД был только тому, что остановились над ним люди, и желал только, чтоб эти люди помогли ему и возвратили бы его к жизни, которая казалась ему столь прекрасною, потому что он так иначе понимал ее теперь. Он собрал все свои силы, чтобы пошевелиться и произвести какой-нибудь звук. Он слабо пошевелил ногою и произвел самого его разжалобивший, слабый, болезненный стон.",Том первый,Часть третья,XIX,65,"Князь Андрей понял, что это было сказано о нем и что говорит это Наполеон. Он слышал, как называли sire 5 того, кто сказал эти слова. Но он слышал эти слова, как бы он слышал жужжание мухи. Он не только не интересовался ими, но он и не заметил, а тотчас же забыл их. Ему жгло голову; он чувствовал, что он исходит кровью, и он видел над собою далекое, высокое и вечное небо. Он знал, что это был Наполеон — его герой, но в эту минуту Наполеон казался ему столь маленьким, ничтожным человеком в сравнении с тем, что происходило теперь между его душой и этим высоким, бесконечным небом с бегущими по нем облаками. Ему было совершенно все равно в эту минуту, кто бы ни стоял над ним, что бы ни говорил о нем; он рад был только тому, что остановились над ним люди, и желал только, чтоб эти люди помогли ему и возвратили бы его к жизни, которая казалась ему столь прекрасною, потому что он так иначе понимал ее теперь. Он собрал все свои силы, чтобы пошевелиться и произвести какой-нибудь звук. Он слабо пошевелил ногою и произвел самого его разжалобивший, слабый, болезненный стон.",рад,рад,радость,3
12,Andrei,"Когда он вдруг понял все РАДОСТНОЕ значение этого крика, слезы задушили его, и он, облокотившись обеими руками на подоконник, всхлипывая, заплакал, как плачут дети. Дверь отворилась. Доктор, с засученными рукавами рубашки, без сюртука, бледный и с трясущейся челюстью, вышел из комнаты. Князь Андрей обратился к нему, но доктор растерянно взглянул на него и, ни слова не сказав, прошел мимо. Женщина выбежала и, увидав князя Андрея, замялась на пороге. Он вошел в комнату жены. Она мертвая лежала в том же положении, в котором он видел ее пять минут тому назад, и то же выражение, несмотря на остановившиеся глаза и на бледность щек, было на этом прелестном детском робком личике с губкой, покрытой черными волосиками.",Том второй,Часть первая,IX,74,"Когда он вдруг понял все радостное значение этого крика, слезы задушили его, и он, облокотившись обеими руками на подоконник, всхлипывая, заплакал, как плачут дети. Дверь отворилась. Доктор, с засученными рукавами рубашки, без сюртука, бледный и с трясущейся челюстью, вышел из комнаты. Князь Андрей обратился к нему, но доктор растерянно взглянул на него и, ни слова не сказав, прошел мимо. Женщина выбежала и, увидав князя Андрея, замялась на пороге. Он вошел в комнату жены. Она мертвая лежала в том же положении, в котором он видел ее пять минут тому назад, и то же выражение, несмотря на остановившиеся глаза и на бледность щек, было на этом прелестном детском робком личике с губкой, покрытой черными волосиками.",радостное,радостный,радость,4
13,Andrei,"— Да, коли бы это так было! — сказал он. — Однако пойдем садиться, — прибавил князь Андрей, и, выходя с парома, он поглядел на небо, на которое указал ему Пьер, и в первый раз после Аустерлица он увидал то высокое, вечное небо, которое он видел, лежа на Аустерлицком поле, и что-то давно заснувшее, что-то лучшее, что было в нем, вдруг РАДОСТНО и молодо проснулось в его душе. Чувство это исчезло, как скоро князь Андрей вступил опять в привычные условия жизни, но он знал, что это чувство, которое он не умел развить, жило в нем. Свидание с Пьером было для князя Андрея эпохой, с которой началась хотя во внешности и та же самая, но во внутреннем мире его новая жизнь.",Том второй,Часть вторая,XII,93,"— Да, коли бы это так было! — сказал он. — Однако пойдем садиться, — прибавил князь Андрей, и, выходя с парома, он поглядел на небо, на которое указал ему Пьер, и в первый раз после Аустерлица он увидал то высокое, вечное небо, которое он видел, лежа на Аустерлицком поле, и что-то давно заснувшее, что-то лучшее, что было в нем, вдруг радостно и молодо проснулось в его душе. Чувство это исчезло, как скоро князь Андрей вступил опять в привычные условия жизни, но он знал, что это чувство, которое он не умел развить, жило в нем. Свидание с Пьером было для князя Андрея эпохой, с которой началась хотя во внешности и та же самая, но во внутреннем мире его новая жизнь.",радостно,радостно,радость,5
14,Andrei,"«Да, здесь, в этом лесу, был этот дуб, с которым мы были согласны, — подумал князь Андрей. — Да где он? » — подумал опять князь Андрей, глядя на левую сторону дороги и, сам того не зная, не узнавая его, любовался тем дубом, которого он искал. Старый дуб, весь преображенный, раскинувшись шатром сочной, темной зелени, млел, чуть колыхаясь в лучах вечернего солнца. Ни корявых пальцев, ни болячек, ни старого горя и недоверия — ничего не было видно. Сквозь столетнюю жесткую кору пробились без сучков сочные, молодые листья, так что верить нельзя было, что это старик произвел их. «Да это тот самый дуб», — подумал князь Андрей, и на него вдруг нашло беспричинное весеннее чувство РАДОСТИ и обновления. Все лучшие минуты его жизни вдруг в одно и то же время вспомнились ему. И Аустерлиц с высоким небом, и мертвое укоризненное лицо жены, и Пьер на пароме, и девочка, взволнованная красотою ночи, и эта ночь, и луна — и все это вдруг вспомнилось ему.",Том второй,Часть третья,III,105,"«Да, здесь, в этом лесу, был этот дуб, с которым мы были согласны, — подумал князь Андрей. — Да где он? » — подумал опять князь Андрей, глядя на левую сторону дороги и, сам того не зная, не узнавая его, любовался тем дубом, которого он искал. Старый дуб, весь преображенный, раскинувшись шатром сочной, темной зелени, млел, чуть колыхаясь в лучах вечернего солнца. Ни корявых пальцев, ни болячек, ни старого горя и недоверия — ничего не было видно. Сквозь столетнюю жесткую кору пробились без сучков сочные, молодые листья, так что верить нельзя было, что это старик произвел их. «Да это тот самый дуб», — подумал князь Андрей, и на него вдруг нашло беспричинное весеннее чувство радости и обновления. Все лучшие минуты его жизни вдруг в одно и то же время вспомнились ему. И Аустерлиц с высоким небом, и мертвое укоризненное лицо жены, и Пьер на пароме, и девочка, взволнованная красотою ночи, и эта ночь, и луна — и все это вдруг вспомнилось ему.",радости,радость,радость,6
15,Andrei,"На другой день князь Андрей вспомнил вчерашний бал, но ненадолго остановился на нем мыслью: «Да, очень блестящий был бал. И еще... да, Ростова очень мила. Что-то в ней есть свежее, особенное, непетербургское, отличающее ее». Вот все, что он думал о вчерашнем бале, и, напившись чаю, сел за работу. Но от усталости или бессонницы день был нехороший для занятий, и князь Андрей ничего не мог делать, он все критиковал сам свою работу, как это часто с ним бывало, и РАД был, когда услыхал, что кто-то приехал.",Том второй,Часть третья,XVIII,120,"На другой день князь Андрей вспомнил вчерашний бал, но ненадолго остановился на нем мыслью: «Да, очень блестящий был бал. И еще... да, Ростова очень мила. Что-то в ней есть свежее, особенное, непетербургское, отличающее ее». Вот все, что он думал о вчерашнем бале, и, напившись чаю, сел за работу. Но от усталости или бессонницы день был нехороший для занятий, и князь Андрей ничего не мог делать, он все критиковал сам свою работу, как это часто с ним бывало, и рад был, когда услыхал, что кто-то приехал.",рад,рад,радость,6
16,Andrei,"После обеда Наташа, по просьбе князя Андрея, пошла к клавикордам и стала петь. Князь Андрей стоял у окна, разговаривая с дамами, и слушал ее. В середине фразы князь Андрей замолчал и почувствовал неожиданно, что к его горлу подступают слезы, возможность которых он не знал за собой. Он посмотрел на поющую Наташу, и в душе его произошло что-то новое и счастливое. Он был счастлив, и ему вместе с тем было грустно. Ему решительно не о чем было плакать, но он готов был плакать? О чем? О прежней любви? О маленькой княгине? О своих разочарованиях?.. О своих надеждах на будущее? Да и нет. Главное, о чем ему хотелось плакать, была вдруг живо сознанная им страшная противоположность между чем-то бесконечно великим и неопределимым, бывшим в нем, и чем-то узким и телесным, чем был он сам и даже была она. Эта противоположность томила и РАДОВАЛА его во время ее пения.",Том второй,Часть третья,XIX,121,"После обеда Наташа, по просьбе князя Андрея, пошла к клавикордам и стала петь. Князь Андрей стоял у окна, разговаривая с дамами, и слушал ее. В середине фразы князь Андрей замолчал и почувствовал неожиданно, что к его горлу подступают слезы, возможность которых он не знал за собой. Он посмотрел на поющую Наташу, и в душе его произошло что-то новое и счастливое. Он был счастлив, и ему вместе с тем было грустно. Ему решительно не о чем было плакать, но он готов был плакать? О чем? О прежней любви? О маленькой княгине? О своих разочарованиях?.. О своих надеждах на будущее? Да и нет. Главное, о чем ему хотелось плакать, была вдруг живо сознанная им страшная противоположность между чем-то бесконечно великим и неопределимым, бывшим в нем, и чем-то узким и телесным, чем был он сам и даже была она. Эта противоположность томила и радовала его во время ее пения.",радовала,радовать,радость,6
17,Andrei,"Князь Андрей поздно вечером уехал от Ростовых. Он лег спать по привычке ложиться, но увидал скоро, что он не может спать. Он то, зажегши свечу, сидел в постели, то вставал, то опять ложился, нисколько не тяготясь бессонницей: так радостно и ново ему было на душе, как будто он из душной комнаты вышел на вольный свет Божий. Ему и в голову не приходило, чтоб он был влюблен в Ростову; он не думал о ней; он только воображал ее себе, и вследствие этого вся жизнь его представлялась ему в новом свете. «Из чего я бьюсь, из чего я хлопочу в этой узкой, замкнутой рамке, когда жизнь, вся жизнь со всеми ее РАДОСТЯМИ открыта мне?» — говорил он себе. И он в первый раз после долгого времени стал делать счастливые планы на будущее. Он решил сам собой, что ему надо заняться воспитанием своего сына, найдя ему воспитателя и поручив ему; потом надо выйти в отставку и ехать за границу, видеть Англию, Швейцарию, Италию. «Мне надо пользоваться своей свободой, пока так много в себе чувствую силы и молодости, — говорил он сам себе. — Пьер был прав, говоря, что надо верить в возможность счастия, чтобы быть счастливым, и я теперь верю в него. Оставим мертвым хоронить мертвых, а пока жив, надо жить и быть счастливым», — думал он.",Том второй,Часть третья,XIX,121,"Князь Андрей поздно вечером уехал от Ростовых. Он лег спать по привычке ложиться, но увидал скоро, что он не может спать. Он то, зажегши свечу, сидел в постели, то вставал, то опять ложился, нисколько не тяготясь бессонницей: так радостно и ново ему было на душе, как будто он из душной комнаты вышел на вольный свет Божий. Ему и в голову не приходило, чтоб он был влюблен в Ростову; он не думал о ней; он только воображал ее себе, и вследствие этого вся жизнь его представлялась ему в новом свете. «Из чего я бьюсь, из чего я хлопочу в этой узкой, замкнутой рамке, когда жизнь, вся жизнь со всеми ее радостями открыта мне?» — говорил он себе. И он в первый раз после долгого времени стал делать счастливые планы на будущее. Он решил сам собой, что ему надо заняться воспитанием своего сына, найдя ему воспитателя и поручив ему; потом надо выйти в отставку и ехать за границу, видеть Англию, Швейцарию, Италию. «Мне надо пользоваться своей свободой, пока так много в себе чувствую силы и молодости, — говорил он сам себе. — Пьер был прав, говоря, что надо верить в возможность счастия, чтобы быть счастливым, и я теперь верю в него. Оставим мертвым хоронить мертвых, а пока жив, надо жить и быть счастливым», — думал он.",радостями,радость,радость,6
19,Andrei,"Князь Андрей нашел Барклая де Толли, к которому он был назначен, на берегу Дриссы. Так как не было ни одного большого села или местечка в окрестностях лагеря, то все огромное количество генералов и придворных, бывших при армии, располагалось в окружности десяти верст по лучшим домам деревень, по сю и по ту сторону реки. Барклай де Толли стоял в четырех верстах от государя. Он сухо и холодно принял Болконского и сказал своим немецким выговором, что он доложит о нем государю для определения ему назначения, а покамест просит его состоять при его штабе. Анатоля Курагина, которого князь Андрей надеялся найти в армии, не было здесь: он был в Петербурге, и это известие было приятно Болконскому. Интерес центра производящейся огромной войны занял князя Андрея, и он РАД был на некоторое время освободиться от раздражения, которое производила в нем мысль о Курагине. В продолжение первых четырех дней, во время которых он не был никуда требуем, князь Андрей объездил весь укрепленный лагерь и с помощью своих знаний и разговоров с сведущими людьми старался составить себе о нем определенное понятие. Но вопрос о том, выгоден или невыгоден этот лагерь, остался нерешенным для князя Андрея. Он уже успел вывести из своего военного опыта то убеждение, что в военном деле ничего не значат самые глубокомысленно обдуманные планы (как он видел это в Аустерлицком походе), что все зависит от того, как отвечают на неожиданные и не могущие быть предвиденными действия неприятеля, что все зависит от того, как и кем ведется все дело. Для того чтобы уяснить себе этот последний вопрос, князь Андрей, пользуясь своим положением и знакомствами, старался вникнуть в характер управления армией, лиц и партий, участвовавших в оном, и вывел для себя следующее понятие о положении дел.",Том третий,Часть первая,IX,172,"Князь Андрей нашел Барклая де Толли, к которому он был назначен, на берегу Дриссы. Так как не было ни одного большого села или местечка в окрестностях лагеря, то все огромное количество генералов и придворных, бывших при армии, располагалось в окружности десяти верст по лучшим домам деревень, по сю и по ту сторону реки. Барклай де Толли стоял в четырех верстах от государя. Он сухо и холодно принял Болконского и сказал своим немецким выговором, что он доложит о нем государю для определения ему назначения, а покамест просит его состоять при его штабе. Анатоля Курагина, которого князь Андрей надеялся найти в армии, не было здесь: он был в Петербурге, и это известие было приятно Болконскому. Интерес центра производящейся огромной войны занял князя Андрея, и он рад был на некоторое время освободиться от раздражения, которое производила в нем мысль о Курагине. В продолжение первых четырех дней, во время которых он не был никуда требуем, князь Андрей объездил весь укрепленный лагерь и с помощью своих знаний и разговоров с сведущими людьми старался составить себе о нем определенное понятие. Но вопрос о том, выгоден или невыгоден этот лагерь, остался нерешенным для князя Андрея. Он уже успел вывести из своего военного опыта то убеждение, что в военном деле ничего не значат самые глубокомысленно обдуманные планы (как он видел это в Аустерлицком походе), что все зависит от того, как отвечают на неожиданные и не могущие быть предвиденными действия неприятеля, что все зависит от того, как и кем ведется все дело. Для того чтобы уяснить себе этот последний вопрос, князь Андрей, пользуясь своим положением и знакомствами, старался вникнуть в характер управления армией, лиц и партий, участвовавших в оном, и вывел для себя следующее понятие о положении дел.",рад,рад,радость,9
23,Andrei,"— Жалею, ты бы мне нужен был; но ты прав, ты прав. Нам не сюда люди нужны. Советчиков всегда много, а людей нет. Не такие бы полки были, если бы все советчики служили там в полках, как ты. Я тебя с Аустерлица помню... Помню, помню, с знаменем помню, — сказал Кутузов, и радостная краска бросилась в лицо князя Андрея при этом воспоминании. Кутузов притянул его за руку, подставляя ему щеку, и опять князь Андрей на глазах старика увидал слезы. Хотя князь Андрей и знал, что Кутузов был слаб на слезы и что он теперь особенно ласкает его и жалеет вследствие желания высказать сочувствие к его потере, но князю Андрею и РАДОСТНО и лестно было это воспоминание об Аустерлице.",Том третий,Часть вторая,XVI,202,"— Жалею, ты бы мне нужен был; но ты прав, ты прав. Нам не сюда люди нужны. Советчиков всегда много, а людей нет. Не такие бы полки были, если бы все советчики служили там в полках, как ты. Я тебя с Аустерлица помню... Помню, помню, с знаменем помню, — сказал Кутузов, и радостная краска бросилась в лицо князя Андрея при этом воспоминании. Кутузов притянул его за руку, подставляя ему щеку, и опять князь Андрей на глазах старика увидал слезы. Хотя князь Андрей и знал, что Кутузов был слаб на слезы и что он теперь особенно ласкает его и жалеет вследствие желания высказать сочувствие к его потере, но князю Андрею и радостно и лестно было это воспоминание об Аустерлице.",радостно,радостно,радость,10
24,Andrei,"— Я очень РАД был этому назначению, вот все, что я знаю, — сказал князь Андрей.",Том третий,Часть вторая,XXV,211,"— Я очень рад был этому назначению, вот все, что я знаю, — сказал князь Андрей.",рад,рад,радость,10
25,Andrei,"Он закрыл глаза. Одни образы сменялись другими. На одном он долго, РАДОСТНО остановился. Он живо вспомнил один вечер в Петербурге. Наташа с оживленным, взволнованным лицом рассказывала ему, как она в прошлое лето, ходя за грибами, заблудилась в большом лесу. Она несвязно описывала ему и глушь леса, и свои чувства, и разговоры с пчельником, которого она встретила, и, всякую минуту прерываясь в своем рассказе, говорила: «Нет, не могу, я не так рассказываю; нет, вы не понимаете», — несмотря на то, что князь Андрей успокоивал ее, говоря, что он понимает, и действительно понимал все, что она хотела сказать. Наташа была недовольна своими словами, — она чувствовала, что не выходило то страстно-поэтическое ощущение, которое она испытала в этот день и которое она хотела выворотить наружу. «Это такая прелесть был этот старик, и темно так в лесу... и такие добрые у него... нет, я не умею рассказать», — говорила она, краснея и волнуясь. Князь Андрей улыбнулся теперь той же РАДОСТНОй улыбкой, которой он улыбался тогда, глядя ей в глаза. «Я понимал ее, — думал князь Андрей. — Не только понимал, но эту-то душевную силу, эту искренность, эту открытость душевную, эту-то душу ее, которую как будто связывало тело, эту-то душу я и любил в ней... так сильно, так счастливо любил...» И вдруг он вспомнил о том, чем кончилась его любовь. «Ему ничего этого не нужно было. Он ничего этого не видел и не понимал. Он видел в ней хорошенькую и свеженькую девочку, с которою он не удостоил связать свою судьбу. А я? И до сих пор он жив и весел».",Том третий,Часть вторая,XXV,211,"Он закрыл глаза. Одни образы сменялись другими. На одном он долго, радостно остановился. Он живо вспомнил один вечер в Петербурге. Наташа с оживленным, взволнованным лицом рассказывала ему, как она в прошлое лето, ходя за грибами, заблудилась в большом лесу. Она несвязно описывала ему и глушь леса, и свои чувства, и разговоры с пчельником, которого она встретила, и, всякую минуту прерываясь в своем рассказе, говорила: «Нет, не могу, я не так рассказываю; нет, вы не понимаете», — несмотря на то, что князь Андрей успокоивал ее, говоря, что он понимает, и действительно понимал все, что она хотела сказать. Наташа была недовольна своими словами, — она чувствовала, что не выходило то страстно-поэтическое ощущение, которое она испытала в этот день и которое она хотела выворотить наружу. «Это такая прелесть был этот старик, и темно так в лесу... и такие добрые у него... нет, я не умею рассказать», — говорила она, краснея и волнуясь. Князь Андрей улыбнулся теперь той же радостной улыбкой, которой он улыбался тогда, глядя ей в глаза. «Я понимал ее, — думал князь Андрей. — Не только понимал, но эту-то душевную силу, эту искренность, эту открытость душевную, эту-то душу ее, которую как будто связывало тело, эту-то душу я и любил в ней... так сильно, так счастливо любил...» И вдруг он вспомнил о том, чем кончилась его любовь. «Ему ничего этого не нужно было. Он ничего этого не видел и не понимал. Он видел в ней хорошенькую и свеженькую девочку, с которою он не удостоил связать свою судьбу. А я? И до сих пор он жив и весел».",радостно,радостно,радость,10
26,Andrei,"— Покажите мне... Ооооо! о! ооооо! — слышался его прерываемый рыданиями, испуганный и покорившийся страданию стон. Слушая эти стоны, князь Андрей хотел плакать. Оттого ли, что он без славы умирал, оттого ли, что жалко ему было расставаться с жизнью, от этих ли невозвратимых детских воспоминаний, оттого ли, что он страдал, что другие страдали и так жалостно перед ним стонал этот человек, но ему хотелось плакать детскими, добрыми, почти РАДОСТНЫМИ слезами.",Том третий,Часть вторая,XXXVII,223,"— Покажите мне... Ооооо! о! ооооо! — слышался его прерываемый рыданиями, испуганный и покорившийся страданию стон. Слушая эти стоны, князь Андрей хотел плакать. Оттого ли, что он без славы умирал, оттого ли, что жалко ему было расставаться с жизнью, от этих ли невозвратимых детских воспоминаний, оттого ли, что он страдал, что другие страдали и так жалостно перед ним стонал этот человек, но ему хотелось плакать детскими, добрыми, почти радостными слезами.",радостными,радостный,радость,10
27,Andrei,"— А ты встретилась с графом Николаем, Мари? — сказал вдруг князь Андрей, видимо желая сделать им приятное. — Он писал сюда, что ты ему очень полюбилась, — продолжал он просто, спокойно, видимо не в силах понимать всего того сложного значения, которое имели его слова для живых людей. — Ежели бы ты его полюбила тоже, то было бы очень хорошо... чтобы вы женились, — прибавил он несколько скорее, как бы ОБРАДОВАННЫЙ словами, которые он долго искал и нашел наконец. Княжна Марья слышала его слова, но они не имели для нее никакого другого значения, кроме того, что они доказывали то, как страшно далек он был теперь от всего живого.",Том четвертый,Часть первая,XV,274,"— А ты встретилась с графом Николаем, Мари? — сказал вдруг князь Андрей, видимо желая сделать им приятное. — Он писал сюда, что ты ему очень полюбилась, — продолжал он просто, спокойно, видимо не в силах понимать всего того сложного значения, которое имели его слова для живых людей. — Ежели бы ты его полюбила тоже, то было бы очень хорошо... чтобы вы женились, — прибавил он несколько скорее, как бы обрадованный словами, которые он долго искал и нашел наконец. Княжна Марья слышала его слова, но они не имели для нее никакого другого значения, кроме того, что они доказывали то, как страшно далек он был теперь от всего живого.",обрадованный,обрадовать,радость,12
28,Andrei,"Князь Андрей чуть заметно улыбнулся в первый раз, но княжна Марья, так знавшая его лицо, с ужасом поняла, что это была улыбка не РАДОСТИ, не нежности к сыну, но тихой, кроткой насмешки над тем, что княжна Марья употребляла, по ее мнению, последнее средство для приведения его в чувства.",Том четвертый,Часть первая,XV,274,"Князь Андрей чуть заметно улыбнулся в первый раз, но княжна Марья, так знавшая его лицо, с ужасом поняла, что это была улыбка не радости, не нежности к сыну, но тихой, кроткой насмешки над тем, что княжна Марья употребляла, по ее мнению, последнее средство для приведения его в чувства.",радости,радость,радость,12
29,Andrei,"Князь Андрей не только знал, что он умрет, но он чувствовал, что он умирает, что он уже умер наполовину. Он испытывал сознание отчужденности от всего земного и РАДОСТНОЙ и странной легкости бытия. Он, не торопясь и не тревожась, ожидал того, что предстояло ему. То грозное, вечное, неведомое и далекое, присутствие которого он не переставал ощущать в продолжение всей своей жизни, теперь для него было близкое и — по той странной легкости бытия, которую он испытывал, — почти понятное и ощущаемое.                                                                                                                                              
",Том четвертый,Часть первая,XVI,275,"Князь Андрей не только знал, что он умрет, но он чувствовал, что он умирает, что он уже умер наполовину. Он испытывал сознание отчужденности от всего земного и радостной и странной легкости бытия. Он, не торопясь и не тревожась, ожидал того, что предстояло ему. То грозное, вечное, неведомое и далекое, присутствие которого он не переставал ощущать в продолжение всей своей жизни, теперь для него было близкое и — по той странной легкости бытия, которую он испытывал, — почти понятное и ощущаемое.                                                                                                                                              
",радостной,радостный,радость,12
30,Andrei,"Ночь была темная, звездная; дорога чернелась между белевшим снегом, выпавшим накануне, в день сражения. То перебирая впечатления прошедшего сражения, то радостно воображая впечатление, которое он произведет известием о победе, вспоминая проводы главнокомандующего и товарищей, князь Андрей скакал в почтовой бричке, испытывая чувство человека, долго ждавшего, и, наконец, достигшего начала желаемого СЧАСТИЯ. Как скоро он закрывал глаза, в ушах его раздавалась пальба ружей и орудий, которая сливалась со стуком колес и впечатлением победы. То ему начинало представляться, что русские бегут, что он сам убит; но он поспешно просыпался, со счастием как будто вновь узнавал, что ничего этого не было и что, напротив, французы бежали. Он снова вспоминал все подробности победы, свое спокойное мужество во время сражения и, успокоившись, задремывал... После темной звездной ночи наступило яркое, веселое утро. Снег таял на солнце, лошади быстро скакали, и безразлично вправе и влеве проходили новые разнообразные леса, поля, деревни.",Том первый,Часть вторая,IX,34,"Ночь была темная, звездная; дорога чернелась между белевшим снегом, выпавшим накануне, в день сражения. То перебирая впечатления прошедшего сражения, то радостно воображая впечатление, которое он произведет известием о победе, вспоминая проводы главнокомандующего и товарищей, князь Андрей скакал в почтовой бричке, испытывая чувство человека, долго ждавшего, и, наконец, достигшего начала желаемого счастия. Как скоро он закрывал глаза, в ушах его раздавалась пальба ружей и орудий, которая сливалась со стуком колес и впечатлением победы. То ему начинало представляться, что русские бегут, что он сам убит; но он поспешно просыпался, со счастием как будто вновь узнавал, что ничего этого не было и что, напротив, французы бежали. Он снова вспоминал все подробности победы, свое спокойное мужество во время сражения и, успокоившись, задремывал... После темной звездной ночи наступило яркое, веселое утро. Снег таял на солнце, лошади быстро скакали, и безразлично вправе и влеве проходили новые разнообразные леса, поля, деревни.",счастия,счастие,счастье,2
31,Andrei,"Когда князь Андрей вышел из дворца, он почувствовал, что весь интерес и СЧАСТИЕ, доставленные ему победой, оставлены им теперь и переданы в равнодушные руки военного министра и учтивого адъютанта. Весь склад мыслей его мгновенно изменился: сражение представилось ему давнишним, далеким воспоминанием.",Том первый,Часть вторая,IX,34,"Когда князь Андрей вышел из дворца, он почувствовал, что весь интерес и счастие, доставленные ему победой, оставлены им теперь и переданы в равнодушные руки военного министра и учтивого адъютанта. Весь склад мыслей его мгновенно изменился: сражение представилось ему давнишним, далеким воспоминанием.",счастие,счастие,счастье,2
32,Andrei,"— Но что за необычайная гениальность! — вдруг вскрикнул князь Андрей, сжимая свою маленькую руку и ударяя ею по столу. — И что за СЧАСТИЕ этому человеку!",Том первый,Часть вторая,X,35,"— Но что за необычайная гениальность! — вдруг вскрикнул князь Андрей, сжимая свою маленькую руку и ударяя ею по столу. — И что за счастие этому человеку!",счастие,счастие,счастье,2
34,Andrei,"— С Богом! — проговорил Багратион твердым, слышным голосом, на мгновение обернулся к фронту и, слегка размахивая руками, неловким шагом кавалериста, как бы трудясь, пошел вперед по неровному полю. Князь Андрей чувствовал, что какая-то непреодолимая сила влечет его вперед, и испытывал большое СЧАСТИЕ 1.",Том первый,Часть вторая,XVIII,43,"— С Богом! — проговорил Багратион твердым, слышным голосом, на мгновение обернулся к фронту и, слегка размахивая руками, неловким шагом кавалериста, как бы трудясь, пошел вперед по неровному полю. Князь Андрей чувствовал, что какая-то непреодолимая сила влечет его вперед, и испытывал большое счастие 1.",счастие,счастие,счастье,2
37,Andrei,"«Хорошо бы это было, — подумал князь Андрей, взглянув на этот образок, который с таким чувством и благоговением навесила на него сестра, — хорошо бы это было, ежели бы все было так ясно и просто, как оно кажется княжне Марье. Как хорошо бы было знать, где искать помощи в этой жизни и чего ждать после нее там, за гробом! Как бы СЧАСТЛИВ и спокоен я был, ежели бы мог сказать теперь: Господи, помилуй меня!.. Но кому я скажу это? Или сила — неопределенная, непостижимая, к которой я не только не могу обращаться, но которой не могу выразить словами, — великое все или ничего, — говорил он сам себе, — или это тот Бог, который вот здесь зашит, в этой ладанке, княжной Марьей? Ничего, ничего нет верного, кроме ничтожества всего того, что мне понятно, и величия чего-то непонятного, но важнейшего!»",Том первый,Часть третья,XIX,65,"«Хорошо бы это было, — подумал князь Андрей, взглянув на этот образок, который с таким чувством и благоговением навесила на него сестра, — хорошо бы это было, ежели бы все было так ясно и просто, как оно кажется княжне Марье. Как хорошо бы было знать, где искать помощи в этой жизни и чего ждать после нее там, за гробом! Как бы счастлив и спокоен я был, ежели бы мог сказать теперь: Господи, помилуй меня!.. Но кому я скажу это? Или сила — неопределенная, непостижимая, к которой я не только не могу обращаться, но которой не могу выразить словами, — великое все или ничего, — говорил он сам себе, — или это тот Бог, который вот здесь зашит, в этой ладанке, княжной Марьей? Ничего, ничего нет верного, кроме ничтожества всего того, что мне понятно, и величия чего-то непонятного, но важнейшего!»",счастлив,счастливый,счастье,3
38,Andrei,"— Ну, давай спорить, — сказал князь Андрей. — Ты говоришь школа, — продолжал он, загибая палец, — поучения и так далее, то есть ты хочешь вывести его, — сказал он, указывая на мужика, снявшего шапку и проходившего мимо их, — из его животного состояния и дать ему нравственные потребности. А мне кажется, что единственно возможное СЧАСТЬЕ — есть СЧАСТЬЕ животное, а ты его-то хочешь лишить его. Я завидую ему, а ты хочешь его сделать мною, но не дав ему ни моего ума, ни моих чувств, ни моих средств. Другое — ты говоришь: облегчить его работу. А по-моему, труд физический для него есть такая же необходимость, такое же условие его существования, как для тебя и для меня труд умственный. Ты не можешь не думать. Я ложусь спать в третьем часу, мне приходят мысли, и я не могу заснуть, ворочаюсь, не сплю до утра оттого, что я думаю и не могу не думать, как он не может не пахать, не косить, иначе он пойдет в кабак или сделается болен. Как я не перенесу его страшного физического труда, а умру через неделю, так он не перенесет моей физической праздности, он растолстеет и умрет. Третье, — что бишь еще ты сказал?",Том второй,Часть вторая,XI,92,"— Ну, давай спорить, — сказал князь Андрей. — Ты говоришь школа, — продолжал он, загибая палец, — поучения и так далее, то есть ты хочешь вывести его, — сказал он, указывая на мужика, снявшего шапку и проходившего мимо их, — из его животного состояния и дать ему нравственные потребности. А мне кажется, что единственно возможное счастье — есть счастье животное, а ты его-то хочешь лишить его. Я завидую ему, а ты хочешь его сделать мною, но не дав ему ни моего ума, ни моих чувств, ни моих средств. Другое — ты говоришь: облегчить его работу. А по-моему, труд физический для него есть такая же необходимость, такое же условие его существования, как для тебя и для меня труд умственный. Ты не можешь не думать. Я ложусь спать в третьем часу, мне приходят мысли, и я не могу заснуть, ворочаюсь, не сплю до утра оттого, что я думаю и не могу не думать, как он не может не пахать, не косить, иначе он пойдет в кабак или сделается болен. Как я не перенесу его страшного физического труда, а умру через неделю, так он не перенесет моей физической праздности, он растолстеет и умрет. Третье, — что бишь еще ты сказал?",счастье,счастие,счастье,5
39,Andrei,"Князю Андрею вдруг стало отчего-то больно. День был так хорош, солнце так ярко, кругом все так весело; а эта тоненькая и хорошенькая девушка не знала и не хотела знать про его существование и была довольна и СЧАСТЛИВА какой-то своей отдельной — верно, глупой, — но веселой и счастливой жизнью. «Чему она так рада? О чем она думает? Не об уставе военном, не об устройстве рязанских оброчных. О чем она думает? И чем она СЧАСТЛИВА?» — невольно с любопытством спрашивал себя князь Андрей.",Том второй,Часть третья,II,104,"Князю Андрею вдруг стало отчего-то больно. День был так хорош, солнце так ярко, кругом все так весело; а эта тоненькая и хорошенькая девушка не знала и не хотела знать про его существование и была довольна и счастлива какой-то своей отдельной — верно, глупой, — но веселой и счастливой жизнью. «Чему она так рада? О чем она думает? Не об уставе военном, не об устройстве рязанских оброчных. О чем она думает? И чем она счастлива?» — невольно с любопытством спрашивал себя князь Андрей.",счастлива,счастливый,счастье,6
40,Andrei,"Возвратившись из этой поездки, князь Андрей решил осенью ехать в Петербург и придумал разные причины этого решения. Целый ряд разумных, логических доводов, почему ему необходимо ехать в Петербург и даже служить, ежеминутно был готов к его услугам. Он даже теперь не понимал, как мог он когда-нибудь сомневаться в необходимости принять деятельное участие в жизни, точно так же как месяц тому назад он не понимал, как могла бы ему прийти мысль уехать из деревни. Ему казалось ясно, что все его опыты жизни должны были пропасть даром и быть бессмыслицей, ежели бы он не приложил их к делу и не принял опять деятельного участия в жизни. Он даже не понимал того, как на основании таких же бедных разумных доводов прежде очевидно было, что он бы унизился, ежели бы теперь, после своих уроков жизни, опять бы поверил в возможность приносить пользу и в возможность СЧАСТИЯ и любви. Теперь разум подсказывал совсем другое. После этой поездки князь Андрей стал скучать в деревне, прежние занятия не интересовали его, и часто, сидя один в своем кабинете, он вставал, подходил к зеркалу и долго смотрел на свое лицо. Потом он отворачивался и смотрел на портрет покойницы Лизы, которая с взбитыми à la grecque буклями нежно и весело смотрела на него из золотой рамки. Она уже не говорила мужу прежних страшных слов, она просто и весело с любопытством смотрела на него. И князь Андрей, заложив назад руки, долго ходил по комнате, то хмурясь, то улыбаясь, передумывая те неразумные, невыразимые словом, тайные, как преступление, мысли, связанные с Пьером, с славой, с девушкой на окне, с дубом, с женской красотой и любовью, которые изменили всю его жизнь. И в эти-то минуты, когда кто входил к нему, он бывал особенно сух, строг, решителен и в особенности неприятно логичен.",Том второй,Часть третья,III,105,"Возвратившись из этой поездки, князь Андрей решил осенью ехать в Петербург и придумал разные причины этого решения. Целый ряд разумных, логических доводов, почему ему необходимо ехать в Петербург и даже служить, ежеминутно был готов к его услугам. Он даже теперь не понимал, как мог он когда-нибудь сомневаться в необходимости принять деятельное участие в жизни, точно так же как месяц тому назад он не понимал, как могла бы ему прийти мысль уехать из деревни. Ему казалось ясно, что все его опыты жизни должны были пропасть даром и быть бессмыслицей, ежели бы он не приложил их к делу и не принял опять деятельного участия в жизни. Он даже не понимал того, как на основании таких же бедных разумных доводов прежде очевидно было, что он бы унизился, ежели бы теперь, после своих уроков жизни, опять бы поверил в возможность приносить пользу и в возможность счастия и любви. Теперь разум подсказывал совсем другое. После этой поездки князь Андрей стал скучать в деревне, прежние занятия не интересовали его, и часто, сидя один в своем кабинете, он вставал, подходил к зеркалу и долго смотрел на свое лицо. Потом он отворачивался и смотрел на портрет покойницы Лизы, которая с взбитыми à la grecque буклями нежно и весело смотрела на него из золотой рамки. Она уже не говорила мужу прежних страшных слов, она просто и весело с любопытством смотрела на него. И князь Андрей, заложив назад руки, долго ходил по комнате, то хмурясь, то улыбаясь, передумывая те неразумные, невыразимые словом, тайные, как преступление, мысли, связанные с Пьером, с славой, с девушкой на окне, с дубом, с женской красотой и любовью, которые изменили всю его жизнь. И в эти-то минуты, когда кто входил к нему, он бывал особенно сух, строг, решителен и в особенности неприятно логичен.",счастия,счастие,счастье,6
41,Andrei,"Князь Андрей слушал рассказ об открытии Государственного совета, которого он ожидал с таким нетерпением и которому приписывал такую важность, и удивлялся, что событие это теперь, когда оно совершилось, не только не трогало его, но представлялось ему более чем ничтожным. Он с тихой насмешкой слушал восторженный рассказ Бицкого. Самая простая мысль приходила ему в голову: «Какое дело мне и Бицкому, какое дело нам до того, что государю угодно было сказать в Сенате? Разве все это может сделать меня СЧАСТЛИВЕЕ и лучше?»",Том второй,Часть третья,XVIII,120,"Князь Андрей слушал рассказ об открытии Государственного совета, которого он ожидал с таким нетерпением и которому приписывал такую важность, и удивлялся, что событие это теперь, когда оно совершилось, не только не трогало его, но представлялось ему более чем ничтожным. Он с тихой насмешкой слушал восторженный рассказ Бицкого. Самая простая мысль приходила ему в голову: «Какое дело мне и Бицкому, какое дело нам до того, что государю угодно было сказать в Сенате? Разве все это может сделать меня счастливее и лучше?»",счастливее,счастливый,счастье,6
42,Andrei,"После обеда Наташа, по просьбе князя Андрея, пошла к клавикордам и стала петь. Князь Андрей стоял у окна, разговаривая с дамами, и слушал ее. В середине фразы князь Андрей замолчал и почувствовал неожиданно, что к его горлу подступают слезы, возможность которых он не знал за собой. Он посмотрел на поющую Наташу, и в душе его произошло что-то новое и СЧАСТЛИВое. Он был СЧАСТЛИВ, и ему вместе с тем было грустно. Ему решительно не о чем было плакать, но он готов был плакать? О чем? О прежней любви? О маленькой княгине? О своих разочарованиях?.. О своих надеждах на будущее? Да и нет. Главное, о чем ему хотелось плакать, была вдруг живо сознанная им страшная противоположность между чем-то бесконечно великим и неопределимым, бывшим в нем, и чем-то узким и телесным, чем был он сам и даже была она. Эта противоположность томила и радовала его во время ее пения.",Том второй,Часть третья,XIX,121,"После обеда Наташа, по просьбе князя Андрея, пошла к клавикордам и стала петь. Князь Андрей стоял у окна, разговаривая с дамами, и слушал ее. В середине фразы князь Андрей замолчал и почувствовал неожиданно, что к его горлу подступают слезы, возможность которых он не знал за собой. Он посмотрел на поющую Наташу, и в душе его произошло что-то новое и счастливое. Он был счастлив, и ему вместе с тем было грустно. Ему решительно не о чем было плакать, но он готов был плакать? О чем? О прежней любви? О маленькой княгине? О своих разочарованиях?.. О своих надеждах на будущее? Да и нет. Главное, о чем ему хотелось плакать, была вдруг живо сознанная им страшная противоположность между чем-то бесконечно великим и неопределимым, бывшим в нем, и чем-то узким и телесным, чем был он сам и даже была она. Эта противоположность томила и радовала его во время ее пения.",счастлив,счастливый,счастье,6
43,Andrei,"Князь Андрей поздно вечером уехал от Ростовых. Он лег спать по привычке ложиться, но увидал скоро, что он не может спать. Он то, зажегши свечу, сидел в постели, то вставал, то опять ложился, нисколько не тяготясь бессонницей: так радостно и ново ему было на душе, как будто он из душной комнаты вышел на вольный свет Божий. Ему и в голову не приходило, чтоб он был влюблен в Ростову; он не думал о ней; он только воображал ее себе, и вследствие этого вся жизнь его представлялась ему в новом свете. «Из чего я бьюсь, из чего я хлопочу в этой узкой, замкнутой рамке, когда жизнь, вся жизнь со всеми ее радостями открыта мне?» — говорил он себе. И он в первый раз после долгого времени стал делать счастливые планы на будущее. Он решил сам собой, что ему надо заняться воспитанием своего сына, найдя ему воспитателя и поручив ему; потом надо выйти в отставку и ехать за границу, видеть Англию, Швейцарию, Италию. «Мне надо пользоваться своей свободой, пока так много в себе чувствую силы и молодости, — говорил он сам себе. — Пьер был прав, говоря, что надо верить в возможность СЧАСТИЯ, чтобы быть счастливым, и я теперь верю в него. Оставим мертвым хоронить мертвых, а пока жив, надо жить и быть счастливым», — думал он.",Том второй,Часть третья,XIX,121,"Князь Андрей поздно вечером уехал от Ростовых. Он лег спать по привычке ложиться, но увидал скоро, что он не может спать. Он то, зажегши свечу, сидел в постели, то вставал, то опять ложился, нисколько не тяготясь бессонницей: так радостно и ново ему было на душе, как будто он из душной комнаты вышел на вольный свет Божий. Ему и в голову не приходило, чтоб он был влюблен в Ростову; он не думал о ней; он только воображал ее себе, и вследствие этого вся жизнь его представлялась ему в новом свете. «Из чего я бьюсь, из чего я хлопочу в этой узкой, замкнутой рамке, когда жизнь, вся жизнь со всеми ее радостями открыта мне?» — говорил он себе. И он в первый раз после долгого времени стал делать счастливые планы на будущее. Он решил сам собой, что ему надо заняться воспитанием своего сына, найдя ему воспитателя и поручив ему; потом надо выйти в отставку и ехать за границу, видеть Англию, Швейцарию, Италию. «Мне надо пользоваться своей свободой, пока так много в себе чувствую силы и молодости, — говорил он сам себе. — Пьер был прав, говоря, что надо верить в возможность счастия, чтобы быть счастливым, и я теперь верю в него. Оставим мертвым хоронить мертвых, а пока жив, надо жить и быть счастливым», — думал он.",счастия,счастие,счастье,6
44,Andrei,"Князь Андрей с сияющим, восторженным и обновленным к жизни лицом остановился перед Пьером и, не замечая его печального лица, с эгоизмом СЧАСТИЯ улыбнулся ему.",Том второй,Часть третья,XXII,124,"Князь Андрей с сияющим, восторженным и обновленным к жизни лицом остановился перед Пьером и, не замечая его печального лица, с эгоизмом счастия улыбнулся ему.",счастия,счастие,счастье,6
45,Andrei,"— Ну, ну, говорите, я очень рад, — говорил Пьер, и действительно лицо его изменилось, морщина разгладилась, и он радостно слушал князя Андрея. Князь Андрей казался и был совсем другим, новым человеком. Где была его тоска, его презрение к жизни, его разочарованность? Пьер был единственный человек, перед которым он решался высказаться; но за то ему он уже высказывал все, что у него было на душе. То он легко и смело делал планы на продолжительное будущее, говорил о том, как он не может пожертвовать своим СЧАСТЬЕМ для каприза своего отца, как он заставит отца согласиться на этот брак и полюбить ее или обойдется без его согласия, то он удивлялся, как на что-то странное, чуждое, от него не зависящее, на то чувство, которое владело им.",Том второй,Часть третья,XXII,124,"— Ну, ну, говорите, я очень рад, — говорил Пьер, и действительно лицо его изменилось, морщина разгладилась, и он радостно слушал князя Андрея. Князь Андрей казался и был совсем другим, новым человеком. Где была его тоска, его презрение к жизни, его разочарованность? Пьер был единственный человек, перед которым он решался высказаться; но за то ему он уже высказывал все, что у него было на душе. То он легко и смело делал планы на продолжительное будущее, говорил о том, как он не может пожертвовать своим счастьем для каприза своего отца, как он заставит отца согласиться на этот брак и полюбить ее или обойдется без его согласия, то он удивлялся, как на что-то странное, чуждое, от него не зависящее, на то чувство, которое владело им.",счастьем,счастие,счастье,6
46,Andrei,"— Я бы не поверил тому, кто бы мне сказал, что я могу так любить, — говорил князь Андрей. — Это совсем не то чувство, которое было у меня прежде. Весь мир разделен для меня на две половины: одна — она, и там все СЧАСТЬЕ, надежда, свет; другая половина — все, где ее нет, там все уныние и темнота...",Том второй,Часть третья,XXII,124,"— Я бы не поверил тому, кто бы мне сказал, что я могу так любить, — говорил князь Андрей. — Это совсем не то чувство, которое было у меня прежде. Весь мир разделен для меня на две половины: одна — она, и там все счастье, надежда, свет; другая половина — все, где ее нет, там все уныние и темнота...",счастье,счастие,счастье,6
47,Andrei,"— Как ни тяжел мне будет этот год, отсрочивающий мое СЧАСТИЕ, — продолжал князь Андрей, — в этот срок вы поверите себя. Я прошу вас через год сделать мое СЧАСТИЕ; но вы свободны: помолвка наша останется тайной, и ежели вы убедились бы, что вы не любите меня, или полюбили бы... — сказал князь Андрей с неестественной улыбкой.",Том второй,Часть третья,XXIII,125,"— Как ни тяжел мне будет этот год, отсрочивающий мое счастие, — продолжал князь Андрей, — в этот срок вы поверите себя. Я прошу вас через год сделать мое счастие; но вы свободны: помолвка наша останется тайной, и ежели вы убедились бы, что вы не любите меня, или полюбили бы... — сказал князь Андрей с неестественной улыбкой.",счастие,счастие,счастье,6
48,Andrei,"«Отчего же бы это не могло быть вместе? — иногда, в совершенном затмении, думала она. — Тогда только я бы была совсем счастлива, а теперь я должна выбрать, и ни без одного из обоих я не могу быть счастлива. Одно, — думала она, — сказать то, что было, князю Андрею или скрыть — одинаково невозможно. А с этим ничего не испорчено. Но неужели расстаться навсегда с этим СЧАСТИЕМ любви к князю Андрею, которым я жила так долго?»",Том второй,Часть пятая,XIV,155,"«Отчего же бы это не могло быть вместе? — иногда, в совершенном затмении, думала она. — Тогда только я бы была совсем счастлива, а теперь я должна выбрать, и ни без одного из обоих я не могу быть счастлива. Одно, — думала она, — сказать то, что было, князю Андрею или скрыть — одинаково невозможно. А с этим ничего не испорчено. Но неужели расстаться навсегда с этим счастием любви к князю Андрею, которым я жила так долго?»",счастием,счастие,счастье,8
49,Andrei,"Князь Андрей считал неудобным писать к Курагину и вызывать его. Не подав нового повода к дуэли, князь Андрей считал вызов с своей стороны компрометирующим графиню Ростову, и потому он искал личной встречи с Курагиным, в которой он намерен был найти новый повод к дуэли. Но в Турецкой армии ему также не удалось встретить Курагина, который вскоре после приезда князя Андрея в Турецкую армию вернулся в Россию. В новой стране и в новых условиях жизни князю Андрею стало жить легче. После измены своей невесты, которая тем сильнее поразила его, чем старательнее он скрывал ото всех произведенное на него действие, для него были тяжелы те условия жизни, в которых он был СЧАСТЛИВ, и еще тяжелее были свобода и независимость, которыми он так дорожил прежде. Он не только не думал тех прежних мыслей, которые в первый раз пришли ему, глядя на небо на Аустерлицком поле, которые он любил развивать с Пьером и которые наполняли его уединение в Богучарове, а потом в Швейцарии и Риме; но он даже боялся вспоминать об этих мыслях, раскрывавших бесконечные и светлые горизонты. Его интересовали теперь только самые ближайшие, не связанные с прежними, практические интересы, за которые он ухватывался с тем большей жадностью, чем закрытее были от него прежние. Как будто тот бесконечный удаляющийся свод неба, стоявший прежде над ним, вдруг превратился в низкий, определенный, давивший его свод, в котором все было ясно, но ничего не было вечного и таинственного.",Том третий,Часть первая,VIII,171,"Князь Андрей считал неудобным писать к Курагину и вызывать его. Не подав нового повода к дуэли, князь Андрей считал вызов с своей стороны компрометирующим графиню Ростову, и потому он искал личной встречи с Курагиным, в которой он намерен был найти новый повод к дуэли. Но в Турецкой армии ему также не удалось встретить Курагина, который вскоре после приезда князя Андрея в Турецкую армию вернулся в Россию. В новой стране и в новых условиях жизни князю Андрею стало жить легче. После измены своей невесты, которая тем сильнее поразила его, чем старательнее он скрывал ото всех произведенное на него действие, для него были тяжелы те условия жизни, в которых он был счастлив, и еще тяжелее были свобода и независимость, которыми он так дорожил прежде. Он не только не думал тех прежних мыслей, которые в первый раз пришли ему, глядя на небо на Аустерлицком поле, которые он любил развивать с Пьером и которые наполняли его уединение в Богучарове, а потом в Швейцарии и Риме; но он даже боялся вспоминать об этих мыслях, раскрывавших бесконечные и светлые горизонты. Его интересовали теперь только самые ближайшие, не связанные с прежними, практические интересы, за которые он ухватывался с тем большей жадностью, чем закрытее были от него прежние. Как будто тот бесконечный удаляющийся свод неба, стоявший прежде над ним, вдруг превратился в низкий, определенный, давивший его свод, в котором все было ясно, но ничего не было вечного и таинственного.",счастлив,счастливый,счастье,9
50,Andrei,"Он закрыл глаза. Одни образы сменялись другими. На одном он долго, радостно остановился. Он живо вспомнил один вечер в Петербурге. Наташа с оживленным, взволнованным лицом рассказывала ему, как она в прошлое лето, ходя за грибами, заблудилась в большом лесу. Она несвязно описывала ему и глушь леса, и свои чувства, и разговоры с пчельником, которого она встретила, и, всякую минуту прерываясь в своем рассказе, говорила: «Нет, не могу, я не так рассказываю; нет, вы не понимаете», — несмотря на то, что князь Андрей успокоивал ее, говоря, что он понимает, и действительно понимал все, что она хотела сказать. Наташа была недовольна своими словами, — она чувствовала, что не выходило то страстно-поэтическое ощущение, которое она испытала в этот день и которое она хотела выворотить наружу. «Это такая прелесть был этот старик, и темно так в лесу... и такие добрые у него... нет, я не умею рассказать», — говорила она, краснея и волнуясь. Князь Андрей улыбнулся теперь той же радостной улыбкой, которой он улыбался тогда, глядя ей в глаза. «Я понимал ее, — думал князь Андрей. — Не только понимал, но эту-то душевную силу, эту искренность, эту открытость душевную, эту-то душу ее, которую как будто связывало тело, эту-то душу я и любил в ней... так сильно, так СЧАСТЛИВО любил...» И вдруг он вспомнил о том, чем кончилась его любовь. «Ему ничего этого не нужно было. Он ничего этого не видел и не понимал. Он видел в ней хорошенькую и свеженькую девочку, с которою он не удостоил связать свою судьбу. А я? И до сих пор он жив и весел».",Том третий,Часть вторая,XXV,211,"Он закрыл глаза. Одни образы сменялись другими. На одном он долго, радостно остановился. Он живо вспомнил один вечер в Петербурге. Наташа с оживленным, взволнованным лицом рассказывала ему, как она в прошлое лето, ходя за грибами, заблудилась в большом лесу. Она несвязно описывала ему и глушь леса, и свои чувства, и разговоры с пчельником, которого она встретила, и, всякую минуту прерываясь в своем рассказе, говорила: «Нет, не могу, я не так рассказываю; нет, вы не понимаете», — несмотря на то, что князь Андрей успокоивал ее, говоря, что он понимает, и действительно понимал все, что она хотела сказать. Наташа была недовольна своими словами, — она чувствовала, что не выходило то страстно-поэтическое ощущение, которое она испытала в этот день и которое она хотела выворотить наружу. «Это такая прелесть был этот старик, и темно так в лесу... и такие добрые у него... нет, я не умею рассказать», — говорила она, краснея и волнуясь. Князь Андрей улыбнулся теперь той же радостной улыбкой, которой он улыбался тогда, глядя ей в глаза. «Я понимал ее, — думал князь Андрей. — Не только понимал, но эту-то душевную силу, эту искренность, эту открытость душевную, эту-то душу ее, которую как будто связывало тело, эту-то душу я и любил в ней... так сильно, так счастливо любил...» И вдруг он вспомнил о том, чем кончилась его любовь. «Ему ничего этого не нужно было. Он ничего этого не видел и не понимал. Он видел в ней хорошенькую и свеженькую девочку, с которою он не удостоил связать свою судьбу. А я? И до сих пор он жив и весел».",счастливо,счастливо,счастье,10
51,Andrei,"После перенесенного страдания князь Андрей чувствовал блаженство, давно не испытанное им. Все лучшие, счастливейшие минуты в его жизни, в особенности самое дальнее детство, когда его раздевали и клали в кроватку, когда няня, убаюкивая, пела на ним, когда, зарывшись головой в подушки, он чувствовал себя СЧАСТЛИВЫМ одним сознанием жизни, — представлялись его воображению даже не как прошедшее, а как действительность.",Том третий,Часть вторая,XXXVII,223,"После перенесенного страдания князь Андрей чувствовал блаженство, давно не испытанное им. Все лучшие, счастливейшие минуты в его жизни, в особенности самое дальнее детство, когда его раздевали и клали в кроватку, когда няня, убаюкивая, пела на ним, когда, зарывшись головой в подушки, он чувствовал себя счастливым одним сознанием жизни, — представлялись его воображению даже не как прошедшее, а как действительность.",счастливым,счастливый,счастье,10
53,Andrei,"В первый раз князь Андрей понял, где он был и что с ним было, и вспомнил то, что он был ранен и как в ту минуту, когда коляска остановилась в Мытищах, он попросился в избу. Спутавшись опять от боли, он опомнился другой раз в избе, когда пил чай, и тут опять, повторив в своем воспоминании все, что с ним было, он живее всего представил себе ту минуту на перевязочном пункте, когда при виде страданий не любимого им человека, ему пришли эти новые, сулившие ему СЧАСТИЕ мысли. И мысли эти, хотя и неясно и неопределенно, теперь опять овладели его душой. Он вспомнил, что у него было теперь новое счастье и что это счастье имело что-то такое общее с Евангелием. Потому-то он попросил Евангелие. Но дурное положение, которое дали его ране, новое переворачиванье опять смешали его мысли, и он в третий раз очнулся к жизни уже в совершенной тишине ночи. Все спали вокруг него. Сверчок кричал через сени, на улице кто-то кричал и пел, тараканы шелестели по столу и образам, и осенняя толстая муха билась у него по изголовью и около сальной свечи, нагоревшей большим грибом и стоявшей подле него.",Том третий,Часть третья,XXXII,257,"В первый раз князь Андрей понял, где он был и что с ним было, и вспомнил то, что он был ранен и как в ту минуту, когда коляска остановилась в Мытищах, он попросился в избу. Спутавшись опять от боли, он опомнился другой раз в избе, когда пил чай, и тут опять, повторив в своем воспоминании все, что с ним было, он живее всего представил себе ту минуту на перевязочном пункте, когда при виде страданий не любимого им человека, ему пришли эти новые, сулившие ему счастие мысли. И мысли эти, хотя и неясно и неопределенно, теперь опять овладели его душой. Он вспомнил, что у него было теперь новое счастье и что это счастье имело что-то такое общее с Евангелием. Потому-то он попросил Евангелие. Но дурное положение, которое дали его ране, новое переворачиванье опять смешали его мысли, и он в третий раз очнулся к жизни уже в совершенной тишине ночи. Все спали вокруг него. Сверчок кричал через сени, на улице кто-то кричал и пел, тараканы шелестели по столу и образам, и осенняя толстая муха билась у него по изголовью и около сальной свечи, нагоревшей большим грибом и стоявшей подле него.",счастие,счастие,счастье,11
54,Andrei,"«Да, мне открылось новое СЧАСТЬЕ, неотъемлемое от человека, — думал он, лежа в полутемной тихой избе и глядя вперед лихорадочно-раскрытыми, остановившимися глазами. — Счастье, находящееся вне материальных сил, вне материальных внешних влияний на человека, СЧАСТЬЕ одной души, СЧАСТЬЕ любви! Понять его может всякий человек, но сознать и предписать его мог только один Бог. Но как же Бог предписал этот закон? Почему сын?..» И вдруг ход мыслей этих оборвался, и князь Андрей услыхал (не зная, в бреду или в действительности он слышит это), услыхал какой-то тихий, шепчущий голос, неумолкаемо в такт твердивший: «И пити-пити-пити» и потом «и ти-ти» и опять «и пити-пити-пити» и опять «и ти-ти». Вместе с этим, под звук этой шепчущей музыки, князь Андрей чувствовал, что над лицом его, над самой серединой воздвигалось какое-то странное воздушное здание из тонких иголок или лучинок. Он чувствовал (хотя это и тяжело ему было), что ему надо было старательно держать равновесие, для того чтобы воздвигавшееся здание это не завалилось; но оно все-таки заваливалось и опять медленно воздвигалось при звуках равномерно шепчущей музыки. «Тянется, тянется! растягивается и все тянется», — говорил себе князь Андрей. Вместе с прислушиваньем к шепоту и с ощущением этого тянущегося и воздвигающегося здания из иголок князь Андрей видел урывками и красный окруженный кругом свет свечки и слышал шуршанье тараканов и шуршанье мухи, бившейся о подушку и на лицо его. И всякий раз, как муха прикасалась к его лицу, она производила жгучее ощущение; но вместе с тем его удивляло то, что, ударяясь в самую область воздвигавшегося на лице его здания, муха не разрушала его. Но, кроме этого, было еще одно важное. Это было белое у двери, это была статуя сфинкса, которая тоже давили см о.",Том третий,Часть третья,XXXII,257,"«Да, мне открылось новое счастье, неотъемлемое от человека, — думал он, лежа в полутемной тихой избе и глядя вперед лихорадочно-раскрытыми, остановившимися глазами. — Счастье, находящееся вне материальных сил, вне материальных внешних влияний на человека, счастье одной души, счастье любви! Понять его может всякий человек, но сознать и предписать его мог только один Бог. Но как же Бог предписал этот закон? Почему сын?..» И вдруг ход мыслей этих оборвался, и князь Андрей услыхал (не зная, в бреду или в действительности он слышит это), услыхал какой-то тихий, шепчущий голос, неумолкаемо в такт твердивший: «И пити-пити-пити» и потом «и ти-ти» и опять «и пити-пити-пити» и опять «и ти-ти». Вместе с этим, под звук этой шепчущей музыки, князь Андрей чувствовал, что над лицом его, над самой серединой воздвигалось какое-то странное воздушное здание из тонких иголок или лучинок. Он чувствовал (хотя это и тяжело ему было), что ему надо было старательно держать равновесие, для того чтобы воздвигавшееся здание это не завалилось; но оно все-таки заваливалось и опять медленно воздвигалось при звуках равномерно шепчущей музыки. «Тянется, тянется! растягивается и все тянется», — говорил себе князь Андрей. Вместе с прислушиваньем к шепоту и с ощущением этого тянущегося и воздвигающегося здания из иголок князь Андрей видел урывками и красный окруженный кругом свет свечки и слышал шуршанье тараканов и шуршанье мухи, бившейся о подушку и на лицо его. И всякий раз, как муха прикасалась к его лицу, она производила жгучее ощущение; но вместе с тем его удивляло то, что, ударяясь в самую область воздвигавшегося на лице его здания, муха не разрушала его. Но, кроме этого, было еще одно важное. Это было белое у двери, это была статуя сфинкса, которая тоже давили см о.",счастье,счастие,счастье,11
61,Andrei,"Князь Андрей с сияющим, ВОСТОРЖЕННЫМ и обновленным к жизни лицом остановился перед Пьером и, не замечая его печального лица, с эгоизмом счастия улыбнулся ему.",Том второй,Часть третья,XXII,124,"Князь Андрей с сияющим, восторженным и обновленным к жизни лицом остановился перед Пьером и, не замечая его печального лица, с эгоизмом счастия улыбнулся ему.",восторженным,восторженный,восторг,6
62,Andrei,"В середине лета княжна Марья получила неожиданное письмо от князя Андрея из Швейцарии, в котором он сообщал ей странную и неожиданную новость. Князь Андрей объявлял о своей помолвке с Ростовой. Все письмо его дышало любовной ВОСТОРЖЕННОСТЬЮ к своей невесте и нежной дружбой и доверием к сестре. Он писал, что никогда он не любил так, как любит теперь, и что теперь только понял и узнал жизнь. Он просил сестру простить его за то, что в свой приезд в Лысые Горы он ничего не сказал ей об этом решении, хотя и говорил об этом с отцом. Он не сказал ей этого потому, что княжна Марья стала бы просить отца дать свое согласие и, не достигнув бы цели, раздражила бы отца и на себе бы понесла всю тяжесть его неудовольствия. Впрочем, писал он, тогда еще дело было не так окончательно решено, как теперь.",Том второй,Часть третья,XXVI,128,"В середине лета княжна Марья получила неожиданное письмо от князя Андрея из Швейцарии, в котором он сообщал ей странную и неожиданную новость. Князь Андрей объявлял о своей помолвке с Ростовой. Все письмо его дышало любовной восторженностью к своей невесте и нежной дружбой и доверием к сестре. Он писал, что никогда он не любил так, как любит теперь, и что теперь только понял и узнал жизнь. Он просил сестру простить его за то, что в свой приезд в Лысые Горы он ничего не сказал ей об этом решении, хотя и говорил об этом с отцом. Он не сказал ей этого потому, что княжна Марья стала бы просить отца дать свое согласие и, не достигнув бы цели, раздражила бы отца и на себе бы понесла всю тяжесть его неудовольствия. Впрочем, писал он, тогда еще дело было не так окончательно решено, как теперь.",восторженностью,восторженность,восторг,6
65,Andrei,"Он был такой же, как всегда; но воспаленный цвет его лица, блестящие глаза, устремленные ВОСТОРЖЕННО на нее, а в особенности нежная детская шея, выступавшая из отложенного воротника рубашки, давали ему особый, невинный, ребяческий вид, которого, однако, она никогда не видала в князе Андрее. Она подошла к нему и быстрым, гибким, молодым движением стала на колени.",Том третий,Часть третья,XXXI,256,"Он был такой же, как всегда; но воспаленный цвет его лица, блестящие глаза, устремленные восторженно на нее, а в особенности нежная детская шея, выступавшая из отложенного воротника рубашки, давали ему особый, невинный, ребяческий вид, которого, однако, она никогда не видала в князе Андрее. Она подошла к нему и быстрым, гибким, молодым движением стала на колени.",восторженно,восторженно,восторг,11
